# The self-hosting configuration surface, as version 1.0.0 promised it.
#
# Five fields: where it lives, what it is, its name, its type, and whether it
# is required. What it is, is one of
#
#   value     a key in the Helm chart's values.yaml
#   variable  a Terraform variable, which is what a tfvars file names
#   output    a Terraform output, which is what a runbook command reads
#
# An output declares neither a type nor a requirement and carries a dash for
# both, because only its name is promised.
#
# tools/inputcheck holds the tree to this file, and docs/reference/stability.md
# is the promise this file is the evidence for.
#
# A LINE THAT DISAPPEARS OR CHANGES IS A MAJOR VERSION. Adding one is not, and
# `go run ./tools/inputcheck -update .` records the addition.
#
# Defaults are deliberately absent. They are not promised, they move, and
# tools/tagsync exists because image_tag's default has to move on every release.
helm	value	affinity	map	optional
helm	value	autoscaling.enabled	bool	optional
helm	value	autoscaling.maxReplicas	number	optional
helm	value	autoscaling.minReplicas	number	optional
helm	value	autoscaling.targetCPUUtilizationPercentage	number	optional
helm	value	bootstrap.activeDeadlineSeconds	number	optional
helm	value	bootstrap.backoffLimit	number	optional
helm	value	bootstrap.enabled	bool	optional
helm	value	bootstrap.resources.limits.memory	string	optional
helm	value	bootstrap.resources.requests.cpu	string	optional
helm	value	bootstrap.resources.requests.memory	string	optional
helm	value	config.appBaseUrl	string	optional
helm	value	config.eventArchiveDir	string	optional
helm	value	config.eventRetentionMonths	string	optional
helm	value	config.insecureCookies	bool	optional
helm	value	config.operatorSetsPlan	bool	optional
helm	value	config.poolMax	number	optional
helm	value	config.port	number	optional
helm	value	config.selfServeSignup	bool	optional
helm	value	config.signinAllowlist	null	optional
helm	value	database.existingSecret	string	optional
helm	value	database.migrationUrl	string	optional
helm	value	database.secretKeys.migrationUrl	string	optional
helm	value	database.secretKeys.url	string	optional
helm	value	database.url	string	optional
helm	value	fullnameOverride	string	optional
helm	value	github.clientId	string	optional
helm	value	github.clientSecret	string	optional
helm	value	github.existingSecret	string	optional
helm	value	github.redirectUri	string	optional
helm	value	github.secretKeys.clientId	string	optional
helm	value	github.secretKeys.clientSecret	string	optional
helm	value	github.secretKeys.redirectUri	string	optional
helm	value	image.digest	string	optional
helm	value	image.pullPolicy	string	optional
helm	value	image.pullSecrets	list	optional
helm	value	image.repository	string	optional
helm	value	image.tag	string	optional
helm	value	ingress.annotations	map	optional
helm	value	ingress.className	string	optional
helm	value	ingress.enabled	bool	optional
helm	value	ingress.hosts	list	optional
helm	value	ingress.tls	list	optional
helm	value	maintenance.activeDeadlineSeconds	number	optional
helm	value	maintenance.failedJobsHistoryLimit	number	optional
helm	value	maintenance.mode	string	optional
helm	value	maintenance.resources.limits.memory	string	optional
helm	value	maintenance.resources.requests.cpu	string	optional
helm	value	maintenance.resources.requests.memory	string	optional
helm	value	maintenance.schedule	string	optional
helm	value	maintenance.successfulJobsHistoryLimit	number	optional
helm	value	nameOverride	string	optional
helm	value	networkPolicy.enabled	bool	optional
helm	value	networkPolicy.ingressFrom	list	optional
helm	value	nodeSelector	map	optional
helm	value	podAnnotations	map	optional
helm	value	podDisruptionBudget.enabled	bool	optional
helm	value	podDisruptionBudget.minAvailable	number	optional
helm	value	podLabels	map	optional
helm	value	podSecurityContext.fsGroup	number	optional
helm	value	podSecurityContext.runAsNonRoot	bool	optional
helm	value	podSecurityContext.runAsUser	number	optional
helm	value	podSecurityContext.seccompProfile.type	string	optional
helm	value	probes.liveness.failureThreshold	number	optional
helm	value	probes.liveness.initialDelaySeconds	number	optional
helm	value	probes.liveness.periodSeconds	number	optional
helm	value	probes.liveness.timeoutSeconds	number	optional
helm	value	probes.readiness.failureThreshold	number	optional
helm	value	probes.readiness.initialDelaySeconds	number	optional
helm	value	probes.readiness.periodSeconds	number	optional
helm	value	probes.readiness.timeoutSeconds	number	optional
helm	value	probes.startup.failureThreshold	number	optional
helm	value	probes.startup.periodSeconds	number	optional
helm	value	replicaCount	number	optional
helm	value	resources.limits.memory	string	optional
helm	value	resources.requests.cpu	string	optional
helm	value	resources.requests.memory	string	optional
helm	value	securityContext.allowPrivilegeEscalation	bool	optional
helm	value	securityContext.capabilities.drop	list	optional
helm	value	securityContext.readOnlyRootFilesystem	bool	optional
helm	value	service.annotations	map	optional
helm	value	service.port	number	optional
helm	value	service.type	string	optional
helm	value	serviceAccount.annotations	map	optional
helm	value	serviceAccount.create	bool	optional
helm	value	serviceAccount.name	string	optional
helm	value	terminationGracePeriodSeconds	number	optional
helm	value	tolerations	list	optional
helm	value	topologySpreadConstraints	list	optional
terraform:modules/alerting	output	action_group_id	-	-
terraform:modules/alerting	output	alert_names	-	-
terraform:modules/alerting	variable	alert_emails	list(string)	optional
terraform:modules/alerting	variable	alert_sms_country_code	string	optional
terraform:modules/alerting	variable	alert_sms_number	string	optional
terraform:modules/alerting	variable	certificate_warning_days	number	optional
terraform:modules/alerting	variable	container_app_id	string	required
terraform:modules/alerting	variable	database_connection_percent	number	optional
terraform:modules/alerting	variable	database_cpu_percent	number	optional
terraform:modules/alerting	variable	database_storage_percent	number	optional
terraform:modules/alerting	variable	http_5xx_threshold	number	optional
terraform:modules/alerting	variable	job_ids	map(string)	required
terraform:modules/alerting	variable	location	string	required
terraform:modules/alerting	variable	log_analytics_id	string	required
terraform:modules/alerting	variable	min_replicas	number	required
terraform:modules/alerting	variable	name	string	required
terraform:modules/alerting	variable	postgres_server_id	string	required
terraform:modules/alerting	variable	probe_url	string	required
terraform:modules/alerting	variable	resource_group_name	string	required
terraform:modules/alerting	variable	restart_threshold	number	optional
terraform:modules/alerting	variable	tags	map(string)	optional
terraform:modules/alerting	variable	usable_connections	number	required
terraform:modules/alerting	variable	web_test_frequency_seconds	number	optional
terraform:modules/alerting	variable	web_test_locations	list(string)	optional
terraform:modules/control-plane	output	app_url	-	-
terraform:modules/control-plane	output	bootstrap_job_name	-	-
terraform:modules/control-plane	output	container_app_id	-	-
terraform:modules/control-plane	output	custom_domain_verification_id	-	-
terraform:modules/control-plane	output	database_fqdn	-	-
terraform:modules/control-plane	output	goldens_account	-	-
terraform:modules/control-plane	output	identity_client_id	-	-
terraform:modules/control-plane	output	job_ids	-	-
terraform:modules/control-plane	output	key_vault_id	-	-
terraform:modules/control-plane	output	key_vault_name	-	-
terraform:modules/control-plane	output	postgres_server_id	-	-
terraform:modules/control-plane	output	usable_connections	-	-
terraform:modules/control-plane	variable	admin_pool_max	number	optional
terraform:modules/control-plane	variable	analytics_enabled	bool	optional
terraform:modules/control-plane	variable	analytics_operator_org	string	optional
terraform:modules/control-plane	variable	analytics_retention_days	number	optional
terraform:modules/control-plane	variable	app_base_url	string	optional
terraform:modules/control-plane	variable	app_cpu	number	optional
terraform:modules/control-plane	variable	app_memory	string	optional
terraform:modules/control-plane	variable	assign_deployer_secret_officer	bool	optional
terraform:modules/control-plane	variable	backup_retention_days	number	optional
terraform:modules/control-plane	variable	custom_domain	string	optional
terraform:modules/control-plane	variable	database_admin_user	string	optional
terraform:modules/control-plane	variable	database_app_user	string	optional
terraform:modules/control-plane	variable	database_extensions	list(string)	optional
terraform:modules/control-plane	variable	database_name	string	optional
terraform:modules/control-plane	variable	database_sku	string	optional
terraform:modules/control-plane	variable	database_storage_mb	number	optional
terraform:modules/control-plane	variable	deployer_principal_id	string	optional
terraform:modules/control-plane	variable	diagnostics_enabled	bool	optional
terraform:modules/control-plane	variable	dns_zone_name	string	optional
terraform:modules/control-plane	variable	dns_zone_resource_group	string	optional
terraform:modules/control-plane	variable	event_retention_months	number	optional
terraform:modules/control-plane	variable	geo_redundant_backup	bool	optional
terraform:modules/control-plane	variable	github_api_base	string	optional
terraform:modules/control-plane	variable	github_app_id	string	optional
terraform:modules/control-plane	variable	github_app_install_url	string	optional
terraform:modules/control-plane	variable	github_app_private_key_secret_name	string	optional
terraform:modules/control-plane	variable	github_app_webhook_secret_name	string	optional
terraform:modules/control-plane	variable	github_client_id	string	required
terraform:modules/control-plane	variable	github_client_secret	string	required
terraform:modules/control-plane	variable	github_redirect_uri	string	required
terraform:modules/control-plane	variable	goldens_enabled	bool	optional
terraform:modules/control-plane	variable	goldens_replication	string	optional
terraform:modules/control-plane	variable	goldens_soft_delete_days	number	optional
terraform:modules/control-plane	variable	high_availability	bool	optional
terraform:modules/control-plane	variable	hosted_required_plan	string	optional
terraform:modules/control-plane	variable	image_digest	string	optional
terraform:modules/control-plane	variable	image_repository	string	optional
terraform:modules/control-plane	variable	image_tag	string	optional
terraform:modules/control-plane	variable	key_vault_name	string	optional
terraform:modules/control-plane	variable	key_vault_purge_protection	bool	optional
terraform:modules/control-plane	variable	lead_notify_email	string	optional
terraform:modules/control-plane	variable	location	string	required
terraform:modules/control-plane	variable	log_analytics_id	string	optional
terraform:modules/control-plane	variable	mail_from	string	optional
terraform:modules/control-plane	variable	maintenance_cron	string	optional
terraform:modules/control-plane	variable	max_replicas	number	optional
terraform:modules/control-plane	variable	min_replicas	number	optional
terraform:modules/control-plane	variable	model_prices	string	optional
terraform:modules/control-plane	variable	name	string	required
terraform:modules/control-plane	variable	operator_portal_enabled	bool	optional
terraform:modules/control-plane	variable	operator_sets_plan	bool	optional
terraform:modules/control-plane	variable	pool_max	number	optional
terraform:modules/control-plane	variable	postgres_version	string	optional
terraform:modules/control-plane	variable	product_name	string	optional
terraform:modules/control-plane	variable	provider_key_secret_enabled	bool	optional
terraform:modules/control-plane	variable	public_url	string	optional
terraform:modules/control-plane	variable	resend_api_key_secret_name	string	optional
terraform:modules/control-plane	variable	resource_group_name	string	required
terraform:modules/control-plane	variable	self_serve_signup	bool	optional
terraform:modules/control-plane	variable	signin_allowlist	list(string)	required
terraform:modules/control-plane	variable	signup_url	string	optional
terraform:modules/control-plane	variable	site_origin	string	optional
terraform:modules/control-plane	variable	stripe_price_team	string	optional
terraform:modules/control-plane	variable	stripe_secret_key_secret_name	string	optional
terraform:modules/control-plane	variable	stripe_webhook_secret_secret_name	string	optional
terraform:modules/control-plane	variable	tags	map(string)	optional
terraform:modules/control-plane	variable	vnet_cidr	string	optional
terraform:modules/foundation	output	location	-	-
terraform:modules/foundation	output	log_analytics_id	-	-
terraform:modules/foundation	output	resource_group_id	-	-
terraform:modules/foundation	output	resource_group_name	-	-
terraform:modules/foundation	output	tags	-	-
terraform:modules/foundation	variable	budget_alert_thresholds	list(number)	optional
terraform:modules/foundation	variable	budget_contact_emails	list(string)	optional
terraform:modules/foundation	variable	budget_contact_roles	list(string)	optional
terraform:modules/foundation	variable	budget_start_date	string	optional
terraform:modules/foundation	variable	environment	string	required
terraform:modules/foundation	variable	location	string	required
terraform:modules/foundation	variable	log_analytics_enabled	bool	optional
terraform:modules/foundation	variable	log_retention_days	number	optional
terraform:modules/foundation	variable	monthly_budget_usd	number	optional
terraform:modules/foundation	variable	resource_group_name	string	required
terraform:modules/foundation	variable	tags	map(string)	optional
terraform:stacks/control-plane	output	action_group_id	-	-
terraform:stacks/control-plane	output	alert_names	-	-
terraform:stacks/control-plane	output	app_url	-	-
terraform:stacks/control-plane	output	bootstrap_job_name	-	-
terraform:stacks/control-plane	output	custom_domain_verification_id	-	-
terraform:stacks/control-plane	output	goldens_account	-	-
terraform:stacks/control-plane	output	key_vault_id	-	-
terraform:stacks/control-plane	output	key_vault_name	-	-
terraform:stacks/control-plane	output	resource_group	-	-
terraform:stacks/control-plane	variable	admin_pool_max	number	optional
terraform:stacks/control-plane	variable	alert_emails	list(string)	optional
terraform:stacks/control-plane	variable	alert_sms_country_code	string	optional
terraform:stacks/control-plane	variable	alert_sms_number	string	optional
terraform:stacks/control-plane	variable	alerting_enabled	bool	optional
terraform:stacks/control-plane	variable	analytics_enabled	bool	optional
terraform:stacks/control-plane	variable	analytics_operator_org	string	optional
terraform:stacks/control-plane	variable	analytics_retention_days	number	optional
terraform:stacks/control-plane	variable	app_base_url	string	optional
terraform:stacks/control-plane	variable	assign_deployer_secret_officer	bool	optional
terraform:stacks/control-plane	variable	backup_retention_days	number	optional
terraform:stacks/control-plane	variable	budget_contact_emails	list(string)	optional
terraform:stacks/control-plane	variable	cd_principal_id	string	optional
terraform:stacks/control-plane	variable	ci_principal_id	string	optional
terraform:stacks/control-plane	variable	custom_domain	string	optional
terraform:stacks/control-plane	variable	database_extensions	list(string)	optional
terraform:stacks/control-plane	variable	database_sku	string	optional
terraform:stacks/control-plane	variable	database_storage_mb	number	optional
terraform:stacks/control-plane	variable	deployer_principal_id	string	optional
terraform:stacks/control-plane	variable	dns_zone_name	string	optional
terraform:stacks/control-plane	variable	dns_zone_resource_group	string	optional
terraform:stacks/control-plane	variable	event_retention_months	number	optional
terraform:stacks/control-plane	variable	geo_redundant_backup	bool	optional
terraform:stacks/control-plane	variable	github_api_base	string	optional
terraform:stacks/control-plane	variable	github_app_id	string	optional
terraform:stacks/control-plane	variable	github_app_install_url	string	optional
terraform:stacks/control-plane	variable	github_client_id	string	required
terraform:stacks/control-plane	variable	github_client_secret	string	required
terraform:stacks/control-plane	variable	github_redirect_uri	string	required
terraform:stacks/control-plane	variable	high_availability	bool	optional
terraform:stacks/control-plane	variable	hosted_required_plan	string	optional
terraform:stacks/control-plane	variable	image_digest	string	optional
terraform:stacks/control-plane	variable	image_repository	string	optional
terraform:stacks/control-plane	variable	image_tag	string	optional
terraform:stacks/control-plane	variable	key_vault_name	string	optional
terraform:stacks/control-plane	variable	lead_notify_email	string	optional
terraform:stacks/control-plane	variable	location	string	optional
terraform:stacks/control-plane	variable	log_retention_days	number	optional
terraform:stacks/control-plane	variable	mail_from	string	optional
terraform:stacks/control-plane	variable	max_replicas	number	optional
terraform:stacks/control-plane	variable	min_replicas	number	optional
terraform:stacks/control-plane	variable	model_prices	string	optional
terraform:stacks/control-plane	variable	monthly_budget_usd	number	optional
terraform:stacks/control-plane	variable	name	string	optional
terraform:stacks/control-plane	variable	operator_portal_enabled	bool	optional
terraform:stacks/control-plane	variable	operator_sets_plan	bool	optional
terraform:stacks/control-plane	variable	pool_max	number	optional
terraform:stacks/control-plane	variable	product_name	string	optional
terraform:stacks/control-plane	variable	provider_key_secret_enabled	bool	optional
terraform:stacks/control-plane	variable	public_url	string	optional
terraform:stacks/control-plane	variable	resend_api_key_secret_name	string	optional
terraform:stacks/control-plane	variable	resource_group_name	string	optional
terraform:stacks/control-plane	variable	self_serve_signup	bool	optional
terraform:stacks/control-plane	variable	signin_allowlist	list(string)	required
terraform:stacks/control-plane	variable	signup_url	string	optional
terraform:stacks/control-plane	variable	site_origin	string	optional
terraform:stacks/control-plane	variable	stripe_price_team	string	optional
terraform:stacks/control-plane	variable	stripe_secret_key_secret_name	string	optional
terraform:stacks/control-plane	variable	stripe_webhook_secret_secret_name	string	optional
terraform:stacks/control-plane	variable	subscription_id	string	required
terraform:stacks/tfstate	output	backend_hcl	-	-
terraform:stacks/tfstate	variable	ci_principal_id	string	optional
terraform:stacks/tfstate	variable	exemption_expires_on	string	optional
terraform:stacks/tfstate	variable	location	string	optional
terraform:stacks/tfstate	variable	public_data_policy_assignment_name	string	optional
terraform:stacks/tfstate	variable	resource_group_name	string	optional
terraform:stacks/tfstate	variable	storage_account_name	string	required
terraform:stacks/tfstate	variable	subscription_id	string	required
